Date,AXISBANK.NS,BHARTIARTL.NS,HDFCBANK.NS,HINDUNILVR.NS,ICICIBANK.NS,INFY.NS,ITC.NS,KOTAKBANK.NS,LT.NS,RELIANCE.NS,SBIN.NS,TCS.NS,^NSEI
2025-02-05,1012.4347534179688,1646.683837890625,857.311767578125,2347.711669921875,1257.9931640625,1842.5218505859375,424.3117370605469,381.9096984863281,3351.938720703125,1273.115234375,750.9708251953125,3954.437744140625,23696.30078125
2025-02-06,1019.8284301757812,1606.3212890625,860.29638671875,2329.694091796875,1262.6572265625,1860.587158203125,417.63677978515625,382.74871826171875,3321.77001953125,1276.4520263671875,737.4424438476562,3946.36669921875,23603.349609375
2025-02-07,1023.2255249023438,1662.8487548828125,854.8204345703125,2321.0048828125,1247.2760009765625,1848.93212890625,407.9319763183594,385.4056396484375,3306.06640625,1261.6610107421875,722.688720703125,3894.799072265625,23559.94921875
2025-02-10,1010.8860473632812,1679.013671875,846.4337158203125,2318.648193359375,1252.9322509765625,1826.2532958984375,404.4761657714844,391.5785217285156,3297.892578125,1248.6629638671875,722.2965698242188,3902.0966796875,23381.599609375
2025-02-11,1006.539794921875,1682.6829833984375,839.3544311523438,2273.285400390625,1243.15771484375,1821.7369384765625,396.0495300292969,383.2781066894531,3209.715087890625,1229.937744140625,716.7088012695312,3831.148681640625,23071.80078125
2025-02-12,1006.0402221679688,1697.3603515625,842.0184326171875,2290.222900390625,1242.2149658203125,1809.59619140625,394.22222900390625,388.3422546386719,3259.2529296875,1211.7105712890625,718.7184448242188,3818.196044921875,23045.25
2025-02-13,1007.339111328125,1700.3848876953125,837.5291137695312,2279.42236328125,1239.337158203125,1790.2681884765625,394.0299072265625,394.1056213378906,3233.493408203125,1211.2623291015625,713.3267211914062,3779.5322265625,23031.400390625
2025-02-14,996.6482543945312,1702.814697265625,836.1231079101562,2276.329345703125,1250.451416015625,1803.0401611328125,394.558837890625,390.03033447265625,3207.733642578125,1212.40771484375,707.9349975585938,3803.40771484375,22929.25
2025-02-17,992.1021118164062,1661.65869140625,847.2230834960938,2287.178955078125,1241.5699462890625,1789.3455810546875,392.97198486328125,388.6119384765625,3192.079833984375,1220.02734375,713.375732421875,3774.0712890625,22959.5
2025-02-18,993.3011474609375,1655.0638427734375,850.0350952148438,2254.384521484375,1233.531982421875,1798.7181396484375,389.7500915527344,392.2178039550781,3190.395263671875,1220.525390625,711.5131225585938,3743.81689453125,22945.30078125
2025-02-19,1010.4863891601562,1631.560302734375,852.0823974609375,2209.611083984375,1251.9896240234375,1758.7509765625,390.8561096191406,396.5428161621094,3245.630126953125,1222.567138671875,712.9835815429688,3657.693359375,22932.900390625
2025-02-20,1016.3314208984375,1629.8743896484375,832.2998046875,2207.3037109375,1240.379150390625,1772.6884765625,386.6724853515625,393.6561279296875,3245.53125,1228.0950927734375,715.3363647460938,3653.150146484375,22913.150390625
2025-02-21,1008.0885009765625,1625.65966796875,834.9638061523438,2201.019287109375,1223.50927734375,1762.8302001953125,385.5664367675781,390.16015625,3284.468017578125,1223.264404296875,707.7879028320312,3659.530029296875,22795.900390625
2025-02-24,1009.1875,1588.0242919921875,827.366455078125,2200.822998046875,1209.0211181640625,1713.3931884765625,386.5282287597656,392.76715087890625,3227.598388671875,1209.718505859375,702.2981567382812,3552.817626953125,22553.349609375
2025-02-25,1008.23828125,1627.7918701171875,829.9564819335938,2218.349609375,1214.7767333984375,1716.8896484375,389.3653869628906,392.9969177246094,3196.092041015625,1199.21044921875,696.9064331054688,3508.30615234375,22547.55078125
2025-02-27,1015.8318481445312,1636.71728515625,839.0091552734375,2204.259765625,1213.0897216796875,1713.5875244140625,386.23968505859375,389.0614318847656,3179.84375,1202.298095703125,690.0442504882812,3491.873779296875,22545.05078125
2025-02-28,1014.6828002929688,1557.18212890625,854.6477661132812,2150.551025390625,1194.8802490234375,1639.189208984375,379.8921203613281,380.1517028808594,3134.61572265625,1195.325927734375,675.241455078125,3366.89306640625,22124.69921875
2025-03-03,1006.389892578125,1582.5699462890625,839.428466796875,2137.394287109375,1196.964111328125,1659.4884033203125,382.2484436035156,382.4790344238281,3167.756591796875,1166.5906982421875,681.6134643554688,3376.365966796875,22119.30078125
2025-03-04,1000.944580078125,1562.2894287109375,843.5971069335938,2118.24755859375,1201.1319580078125,1639.7720947265625,379.74786376953125,381.1205749511719,3183.311279296875,1157.2779541015625,701.9550170898438,3414.062744140625,22082.650390625
2025-03-05,1013.5838012695312,1604.833740234375,833.73046875,2131.10986328125,1206.391357421875,1662.30517578125,389.5577087402344,386.17474365234375,3209.715087890625,1170.9234619140625,715.9735107421875,3428.561767578125,22337.30078125
2025-03-06,1033.2169189453125,1613.412109375,834.3224487304688,2178.73095703125,1208.7235107421875,1666.5301513671875,390.1828918457031,383.8973693847656,3229.77783203125,1204.7882080078125,717.6400756835938,3481.28955078125,22544.69921875
2025-03-07,1036.7640380859375,1617.1805419921875,833.3604736328125,2164.592041015625,1205.250244140625,1637.5382080078125,388.45172119140625,386.63421630859375,3214.718505859375,1244.828369140625,718.3262939453125,3490.56884765625,22552.5
2025-03-10,1034.9654541015625,1617.428466796875,832.4971313476562,2207.0087890625,1205.5478515625,1652.5440673828125,389.5096435546875,383.9073791503906,3148.337646484375,1233.4736328125,714.5521240234375,3469.73876953125,22460.30078125
2025-03-11,1024.774169921875,1649.1630859375,831.510498046875,2176.76708984375,1235.864013671875,1613.8394775390625,390.66375732421875,386.59429931640625,3165.923583984375,1242.3382568359375,715.4833984375,3455.8681640625,22497.900390625
2025-03-12,1010.3365478515625,1629.229736328125,844.1644287109375,2153.153076171875,1234.425048828125,1545.123046875,396.6266174316406,396.0533752441406,3164.14013671875,1252.0494384765625,708.8172607421875,3389.076416015625,22470.5
2025-03-13,1009.33740234375,1618.965576171875,841.9197998046875,2135.38134765625,1240.4783935546875,1534.439208984375,396.28997802734375,396.5627746582031,3157.848876953125,1242.9359130859375,713.5227661132812,3393.764404296875,22397.19921875
2025-03-17,1033.2669677734375,1625.560546875,843.79443359375,2131.8955078125,1259.2833251953125,1544.34619140625,392.3468322753906,398.16094970703125,3144.126708984375,1233.9217529296875,708.915283203125,3380.860107421875,22508.75
2025-03-18,1033.2669677734375,1625.560546875,843.79443359375,2131.8955078125,1259.2833251953125,1544.34619140625,393.45281982421875,398.16094970703125,3144.126708984375,1233.9217529296875,708.915283203125,3380.860107421875,22834.30078125
2025-03-19,1051.1517333984375,1623.5770263671875,860.4197387695312,2160.173583984375,1303.0455322265625,1540.94677734375,387.63421630859375,403.8443908691406,3288.876953125,1242.1888427734375,730.4331665039062,3380.280517578125,22907.599609375
2025-03-20,1053.44970703125,1691.1124267578125,872.5803833007812,2201.755859375,1311.5797119140625,1569.1131591796875,388.49981689453125,406.6611328125,3320.0859375,1264.101318359375,734.7955932617188,3444.123779296875,23190.650390625
2025-03-21,1069.2362060546875,1711.4921875,873.3696899414062,2205.487060546875,1332.81591796875,1546.7742919921875,390.0386047363281,415.3211364746094,3384.385986328125,1271.2725830078125,738.373779296875,3458.57470703125,23350.400390625
2025-03-24,1096.9124755859375,1704.5501708984375,887.9969482421875,2215.3056640625,1347.750732421875,1546.968505859375,395.1839904785156,434.7287902832031,3449.67724609375,1296.920166015625,765.4304809570312,3507.72607421875,23658.349609375
2025-03-25,1117.594970703125,1716.153076171875,898.5789184570312,2230.13232421875,1333.4112548828125,1581.6422119140625,394.12603759765625,433.50018310546875,3437.54052734375,1280.33642578125,757.636962890625,3535.56396484375,23668.650390625
2025-03-26,1095.31396484375,1724.136474609375,891.2283325195312,2205.241455078125,1325.6710205078125,1553.475830078125,391.769775390625,428.4859924316406,3412.969482421875,1267.98583984375,748.961181640625,3514.34716796875,23486.849609375
2025-03-27,1097.412109375,1710.401123046875,900.5029296875,2203.965087890625,1326.415283203125,1557.4581298828125,393.7894592285156,425.23974609375,3469.244873046875,1273.115234375,757.0977783203125,3529.232666015625,23591.94921875
2025-03-28,1101.0589599609375,1719.0291748046875,901.908935546875,2217.90771484375,1338.025634765625,1525.5037841796875,394.0779724121094,433.7398986816406,3460.03076171875,1270.027587890625,756.3135375976562,3485.687255859375,23519.349609375
2025-04-01,1084.6729736328125,1709.8558349609375,872.1363525390625,2193.361083984375,1308.3546142578125,1482.6226806640625,391.0965576171875,428.68572998046875,3405.04345703125,1247.6170654296875,756.5096435546875,3432.1865234375,23165.69921875
2025-04-02,1083.52392578125,1740.0533447265625,886.4676513671875,2197.33740234375,1321.056640625,1505.593017578125,393.40472412109375,430.42376708984375,3388.299560546875,1246.1729736328125,760.6759643554688,3425.565185546875,23332.349609375
2025-04-03,1088.9193115234375,1731.524658203125,885.456298828125,2203.866943359375,1319.3697509765625,1453.485107421875,393.7413330078125,426.02880859375,3388.547119140625,1243.732666015625,763.8619995117188,3289.46875,23250.099609375
2025-04-04,1090.3681640625,1728.9957275390625,896.5316162109375,2203.866943359375,1325.07568359375,1409.92431640625,394.0299072265625,425.89898681640625,3230.025634765625,1199.9075927734375,752.34326171875,3189.184326171875,22904.44921875
2025-04-07,1047.0550537109375,1672.666748046875,867.1289672851562,2208.62890625,1277.6912841796875,1356.602294921875,390.51947021484375,407.10064697265625,3040.146484375,1161.062744140625,732.1978149414062,3164.68115234375,22161.599609375
2025-04-08,1076.9295654296875,1706.1368408203125,872.7777099609375,2247.756591796875,1289.9466552734375,1387.7310791015625,396.7708740234375,410.556640625,3131.89111328125,1177.4971923828125,753.4706420898438,3182.94970703125,22535.849609375
2025-04-09,1060.7435302734375,1701.3271484375,870.7303466796875,2307.40576171875,1290.83984375,1363.3524169921875,400.37744140625,410.0672302246094,3025.92919921875,1180.6346435546875,727.59033203125,3138.1484375,22399.150390625
2025-04-11,1068.0372314453125,1742.0367431640625,891.3269653320312,2323.262939453125,1301.606689453125,1368.9371337890625,405.4266052246094,421.75372314453125,3087.158203125,1214.1009521484375,739.0109252929688,3123.552734375,22828.55078125
2025-04-15,1111.849853515625,1783.886962890625,920.01416015625,2318.697265625,1339.8614501953125,1385.011474609375,404.32061767578125,423.5516662597656,3227.499267578125,1235.1668701171875,748.4710083007812,3139.69482421875,23328.55078125
2025-04-16,1160.3084716796875,1807.489501953125,926.476806640625,2323.704833984375,1346.0140380859375,1372.482177734375,408.2157287597656,424.19091796875,3197.87548828125,1234.3701171875,756.5586547851562,3164.439697265625,23437.19921875
2025-04-17,1189.783203125,1873.438232421875,940.6353759765625,2331.952392578125,1395.9288330078125,1378.6983642578125,410.90863037109375,437.11602783203125,3217.29443359375,1269.4300537109375,781.7527465820312,3188.700927734375,23851.650390625
2025-04-21,1221.9556884765625,1867.7855224609375,950.6994018554688,2308.387451171875,1399.0052490234375,1409.29296875,406.67694091796875,447.7637634277344,3250.187744140625,1290.346435546875,800.6238403320312,3210.642822265625,24125.55078125
2025-04-22,1215.760986328125,1836.8441162109375,967.7686767578125,2355.222900390625,1405.6539306640625,1381.903564453125,417.0157775878906,453.2374572753906,3227.697509765625,1286.0635986328125,806.211669921875,3203.683349609375,24167.25
2025-04-23,1205.8695068359375,1866.0003662109375,949.1207885742188,2379.867919921875,1413.493408203125,1432.5059814453125,414.3709411621094,444.8870544433594,3270.498291015625,1294.82861328125,797.4378051757812,3298.98974609375,24328.94921875
2025-04-24,1206.0692138671875,1830.298828125,945.6181030273438,2283.153564453125,1391.95947265625,1429.1065673828125,413.60150146484375,444.0879821777344,3270.10205078125,1296.4222412109375,797.3887939453125,3287.970458984375,24246.69921875
2025-04-25,1165.30419921875,1802.13427734375,942.8554077148438,2289.92822265625,1394.04345703125,1437.653564453125,411.4375915527344,440.3722839355469,3241.865478515625,1295.22705078125,782.9291381835938,3332.820556640625,24039.349609375
2025-04-28,1191.781494140625,1806.6962890625,947.29541015625,2276.57470703125,1417.8597412109375,1439.4989013671875,412.3993225097656,444.6073913574219,3296.55517578125,1363.35498046875,801.260986328125,3328.470703125,24328.5
2025-04-29,1186.2862548828125,1808.6796875,941.6715087890625,2279.618408203125,1418.85205078125,1454.456298828125,409.7064208984375,440.49212646484375,3291.6015625,1394.1319580078125,796.5554809570312,3356.501953125,24335.94921875
2025-04-30,1183.9881591796875,1849.042236328125,949.6633911132812,2299.64892578125,1416.073486328125,1456.9815673828125,409.5140686035156,441.1114196777344,3310.128662109375,1399.410888671875,773.1259765625,3338.329833984375,24334.19921875
2025-05-02,1182.3895263671875,1832.8773193359375,948.1340942382812,2276.57470703125,1419.149658203125,1463.586181640625,413.07257080078125,435.8374938964844,3304.0849609375,1414.152099609375,781.0175170898438,3316.388427734375,24346.69921875
2025-05-05,1172.1981201171875,1850.52978515625,955.4847412109375,2306.03125,1418.455078125,1465.2371826171875,420.2376403808594,416.49981689453125,3299.428466796875,1425.6063232421875,774.4494018554688,3338.909912109375,24461.150390625
2025-05-06,1160.4083251953125,1885.2396240234375,952.9686889648438,2338.629150390625,1420.63818359375,1468.053955078125,418.89117431640625,414.3222961425781,3303.193359375,1415.2476806640625,758.8623657226562,3344.419921875,24379.599609375
2025-05-07,1160.3084716796875,1881.074462890625,959.8259887695312,2327.82861328125,1424.4091796875,1464.9459228515625,414.6594543457031,418.49749755859375,3290.709716796875,1400.4068603515625,760.822998046875,3330.017578125,24414.400390625
2025-05-08,1171.198974609375,1859.35595703125,951.3900756835938,2312.216796875,1424.5084228515625,1467.956787109375,414.1304931640625,422.0334167480469,3293.1865234375,1401.4029541015625,753.8627319335938,3333.6904296875,24273.80078125
2025-05-09,1150.1170654296875,1833.07568359375,932.248779296875,2290.615478515625,1378.2652587890625,1464.2659912109375,407.35015869140625,420.1355895996094,3412.07763671875,1371.721435546875,763.9110107421875,3325.377685546875,24008.0
2025-05-12,1201.9727783203125,1855.2900390625,965.5486450195312,2339.316650390625,1437.4088134765625,1580.136962890625,418.8431091308594,428.5059509277344,3554.0537109375,1430.7855224609375,785.8701171875,3499.46142578125,24924.69921875
2025-05-13,1192.580810546875,1805.506103515625,948.4794311523438,2317.224609375,1419.6458740234375,1523.5125732421875,411.53375244140625,422.6327209472656,3534.040283203125,1410.0682373046875,785.9680786132812,3397.58251953125,24578.349609375
2025-05-14,1194.4791259765625,1818.993408203125,942.5594482421875,2307.896728515625,1415.279541015625,1546.6285400390625,412.6878967285156,417.9980773925781,3540.084228515625,1418.7337646484375,784.9387817382812,3430.15673828125,24666.900390625
2025-05-15,1208.0675048828125,1851.7197265625,954.0047607421875,2312.51123046875,1439.6912841796875,1566.636474609375,416.1020812988281,420.7948303222656,3584.767333984375,1448.4151611328125,791.8499755859375,3460.314453125,25062.099609375
2025-05-16,1207.767822265625,1798.9608154296875,954.44873046875,2338.236572265625,1442.86669921875,1544.200439453125,419.03546142578125,421.1544494628906,3571.39208984375,1450.6064453125,792.0999755859375,3442.3359375,25019.80078125
2025-05-19,1201.77294921875,1803.2252197265625,956.4220581054688,2339.512939453125,1437.905029296875,1514.9656982421875,418.6988220214844,421.75372314453125,3566.93359375,1435.0684814453125,795.0,3401.25537109375,24945.44921875
2025-05-20,1194.7789306640625,1793.9031982421875,944.6807861328125,2298.6669921875,1427.1876220703125,1515.7425537109375,418.2660217285156,417.53857421875,3534.8330078125,1418.932861328125,785.6500244140625,3381.4404296875,24683.900390625
2025-05-21,1196.7772216796875,1807.390380859375,950.5514526367188,2321.053466796875,1433.637939453125,1523.41552734375,416.438720703125,413.7829284667969,3555.837158203125,1423.5145263671875,787.0999755859375,3408.021728515625,24813.44921875
2025-05-22,1187.485107421875,1816.2166748046875,947.1474609375,2288.45556640625,1431.057861328125,1503.0191650390625,409.8026123046875,412.6842041015625,3518.58447265625,1403.79345703125,785.25,3360.8515625,24609.69921875
2025-05-23,1209.066650390625,1816.5140380859375,953.906005859375,2316.43896484375,1438.698974609375,1519.8218994140625,419.61248779296875,419.6761474609375,3566.63623046875,1421.124267578125,790.5,3397.196044921875,24853.150390625
2025-05-26,1214.162353515625,1832.083984375,957.1620483398438,2350.706298828125,1449.4161376953125,1535.070556640625,425.9600524902344,417.3787536621094,3614.9853515625,1429.0924072265625,794.4000244140625,3419.137451171875,25001.150390625
2025-05-27,1194.5791015625,1828.513916015625,950.3048095703125,2337.058349609375,1435.324951171875,1524.969482421875,417.3042907714844,415.00152587890625,3606.365966796875,1416.44287109375,793.7000122070312,3381.826904296875,24826.19921875
2025-05-28,1193.6798095703125,1840.7117919921875,948.9234619140625,2319.18798828125,1442.6683349609375,1526.6207275390625,411.57440185546875,414.3822326660156,3612.607666015625,1407.279541015625,796.5499877929688,3380.860107421875,24752.44921875
2025-05-29,1200.673828125,1848.149658203125,950.896728515625,2323.802978515625,1445.3475341796875,1540.02392578125,410.1541442871094,415.840576171875,3621.5244140625,1412.1600341796875,797.3499755859375,3381.2470703125,24833.599609375
2025-05-30,1191.181884765625,1840.8109130859375,959.4807739257812,2305.736328125,1434.7296142578125,1539.1375732421875,409.468505859375,414.462158203125,3641.1416015625,1415.2476806640625,812.2999877929688,3347.7060546875,24750.69921875
2025-06-02,1193.380126953125,1838.7283935546875,953.1660766601562,2328.6142578125,1439.3935546875,1530.371826171875,410.6928405761719,412.24468994140625,3645.60009765625,1408.0762939453125,813.6500244140625,3334.560546875,24716.599609375
2025-06-03,1180.4910888671875,1826.0345458984375,949.466064453125,2309.6640625,1426.8900146484375,1519.734619140625,408.39111328125,408.4291076660156,3644.800048828125,1399.908935546875,809.7999877929688,3291.4501953125,24542.5
2025-06-04,1170.0001220703125,1859.851806640625,957.6553955078125,2321.642822265625,1420.0428466796875,1527.8109130859375,408.4400634765625,408.7886962890625,3626.5,1417.8372802734375,806.5,3297.0087890625,24620.19921875
2025-06-05,1158.0103759765625,1863.2236328125,961.7993774414062,2333.3271484375,1443.66064453125,1530.8642578125,410.4969482421875,407.5101623535156,3642.60009765625,1436.662109375,806.0,3287.4521484375,24750.900390625
2025-06-06,1193.5799560546875,1854.6949462890625,976.1552734375,2346.484130859375,1448.5230712890625,1540.2210693359375,412.40692138671875,414.2024230957031,3656.300048828125,1437.7576904296875,813.0499877929688,3300.226806640625,25003.05078125
2025-06-09,1218.8583984375,1849.63720703125,976.2539672851562,2349.82275390625,1423.8138427734375,1549.183837890625,414.3658752441406,427.14752197265625,3678.89990234375,1443.0367431640625,820.0499877929688,3336.991455078125,25103.19921875
2025-06-10,1231.747314453125,1841.7034912109375,969.5447387695312,2351.786376953125,1412.0048828125,1571.935546875,418.23480224609375,429.72454833984375,3679.800048828125,1432.777587890625,817.0499877929688,3376.973876953125,25104.25
2025-06-11,1230.3485107421875,1844.77783203125,962.194091796875,2333.3271484375,1420.0428466796875,1606.5062255859375,417.4022216796875,428.5658874511719,3684.800048828125,1443.13623046875,815.0499877929688,3385.75048828125,25141.400390625
2025-06-12,1211.8643798828125,1828.910400390625,958.74072265625,2290.419189453125,1414.2872314453125,1584.345458984375,412.3579406738281,424.8701171875,3603.89990234375,1435.865234375,805.9500122070312,3348.986083984375,24888.19921875
2025-06-13,1204.7703857421875,1825.1419677734375,946.0127563476562,2276.967529296875,1405.2569580078125,1577.844970703125,405.4036865234375,420.99462890625,3587.39990234375,1422.2198486328125,792.3499755859375,3360.20068359375,24718.599609375
2025-06-16,1214.3621826171875,1845.8687744140625,954.7940673828125,2285.215087890625,1415.9742431640625,1599.31640625,409.6154479980469,427.30731201171875,3628.699951171875,1432.0804443359375,792.5,3409.545654296875,24946.5
2025-06-17,1214.0623779296875,1839.422607421875,951.9327392578125,2286.3935546875,1412.302490234375,1615.173583984375,408.83184814453125,426.8678283691406,3622.300048828125,1425.506591796875,792.2999877929688,3428.07373046875,24853.400390625
2025-06-18,1219.9573974609375,1850.4306640625,954.0540771484375,2255.660888671875,1401.78369140625,1608.2791748046875,407.3626403808594,425.9888610839844,3601.5,1424.4110107421875,791.9000244140625,3365.75927734375,24812.05078125
2025-06-19,1216.4603271484375,1861.4385986328125,954.7447509765625,2252.616943359375,1400.4937744140625,1593.997802734375,407.4606018066406,428.78564453125,3621.10009765625,1427.598388671875,785.0999755859375,3339.039306640625,24793.25
2025-06-20,1219.6575927734375,1920.6435546875,969.2486572265625,2264.3994140625,1416.1727294921875,1598.429931640625,409.9582214355469,433.4602355957031,3662.0,1460.367431640625,796.1500244140625,3350.448974609375,25112.400390625
2025-06-23,1213.063232421875,1920.2469482421875,961.2073364257812,2257.35498046875,1409.226318359375,1560.116455078125,405.4036865234375,436.31695556640625,3583.699951171875,1451.0048828125,790.2000122070312,3309.393798828125,24971.900390625
2025-06-24,1220.1572265625,1917.5693359375,967.3740234375,2245.44873046875,1413.1956787109375,1557.7525634765625,405.844482421875,444.2078552246094,3604.800048828125,1445.0286865234375,795.4000244140625,3306.27294921875,25044.349609375
2025-06-25,1212.2640380859375,1949.303955078125,976.8953247070312,2260.9267578125,1414.8826904296875,1590.550537109375,407.80340576171875,439.1536865234375,3619.800048828125,1461.463134765625,800.0499877929688,3359.3232421875,25244.75
2025-06-26,1232.44677734375,1997.600341796875,997.41796875,2263.010498046875,1428.080810546875,1591.6339111328125,411.67230224609375,440.27239990234375,3659.60009765625,1489.3516845703125,797.0499877929688,3356.397705078125,25549.0
2025-06-27,1224.0538330078125,2010.2940673828125,1004.9491577148438,2288.90673828125,1451.00390625,1583.7545166015625,410.0561828613281,441.0714416503906,3679.199951171875,1509.3717041015625,805.4000244140625,3355.71533203125,25637.80078125
2025-06-30,1198.1759033203125,1992.939208984375,998.2658081054688,2276.702880859375,1434.7296142578125,1577.6480712890625,407.9013671875,432.2016906738281,3669.800048828125,1494.630615234375,820.3499755859375,3376.09619140625,25517.05078125
2025-07-01,1172.2982177734375,2002.657958984375,1003.5526123046875,2277.595703125,1421.03515625,1582.57275390625,406.5790710449219,436.2170715332031,3666.699951171875,1522.320068359375,820.2999877929688,3344.59765625,25541.80078125
2025-07-02,1174.2965087890625,2016.4427490234375,990.5350341796875,2289.10546875,1416.867431640625,1586.2169189453125,404.47320556640625,433.3204040527344,3596.800048828125,1512.75830078125,812.9000244140625,3338.356689453125,25453.400390625
2025-07-03,1170.0999755859375,2002.558837890625,991.0836181640625,2295.356201171875,1414.98193359375,1594.293212890625,404.864990234375,424.8302001953125,3582.89990234375,1511.76220703125,807.0999755859375,3316.4150390625,25405.30078125
2025-07-04,1177.5999755859375,2000.4761962890625,992.1809692382812,2321.05419921875,1431.7525634765625,1615.96142578125,404.0813903808594,425.4694519042969,3594.60009765625,1521.2244873046875,811.8499755859375,3334.943603515625,25461.0
2025-07-07,1175.0999755859375,2017.037841796875,991.2332763671875,2391.599609375,1424.706787109375,1602.4681396484375,407.6075134277344,429.46484375,3581.39990234375,1535.367919921875,806.8499755859375,3327.04443359375,25461.30078125
2025-07-08,1165.4000244140625,2013.1700439453125,998.2159423828125,2374.03759765625,1430.9586181640625,1613.9915771484375,408.635986328125,444.38763427734375,3606.39990234375,1531.4833984375,812.6500244140625,3321.680908203125,25522.5
2025-07-09,1164.699951171875,2002.9554443359375,1003.1036987304688,2404.498046875,1420.93603515625,1609.0670166015625,410.83978271484375,445.3465270996094,3579.699951171875,1512.9573974609375,810.9500122070312,3299.8369140625,25476.099609375
2025-07-10,1164.300048828125,1948.213134765625,1000.6099243164062,2389.615234375,1413.1956787109375,1591.43701171875,408.29315185546875,440.2524108886719,3574.699951171875,1511.16455078125,808.0,3298.08154296875,25355.25
2025-07-11,1173.800048828125,1905.96630859375,989.3878784179688,2499.947998046875,1411.0125732421875,1570.85205078125,408.2441711425781,443.6085510253906,3540.60009765625,1489.2520751953125,808.6500244140625,3184.959716796875,25149.849609375
2025-07-14,1172.699951171875,1904.974609375,989.0387573242188,2496.971435546875,1412.1041259765625,1546.623046875,410.7908020019531,440.2524108886719,3495.89990234375,1477.7977294921875,808.8499755859375,3142.734130859375,25082.30078125
2025-07-15,1165.9000244140625,1918.164306640625,995.2732543945312,2507.19091796875,1419.844482421875,1561.6922607421875,413.4353942871094,437.11602783203125,3494.0,1479.4910888671875,816.4500122070312,3171.599853515625,25195.80078125
2025-07-16,1168.4000244140625,1920.54443359375,995.6722412109375,2497.963623046875,1415.4781494140625,1583.6561279296875,415.8840637207031,435.3780212402344,3503.800048828125,1479.690185546875,831.7000122070312,3163.576171875,25212.05078125
2025-07-17,1159.800048828125,1913.9000244140625,990.98388671875,2490.224365234375,1407.8370361328125,1559.6240234375,415.2474060058594,433.6600036621094,3474.0,1470.52685546875,829.0,3140.18994140625,25111.44921875
2025-07-18,1099.300048828125,1901.0,976.2705078125,2470.181884765625,1414.8826904296875,1562.1846923828125,414.072021484375,428.1000061035156,3464.800048828125,1470.12841796875,823.3499755859375,3121.304931640625,24968.400390625
2025-07-21,1099.5999755859375,1909.199951171875,997.7670288085938,2445.674560546875,1454.576416015625,1560.4119873046875,411.4764404296875,433.0400085449219,3502.800048828125,1422.9169921875,824.2000122070312,3090.286865234375,25090.69921875
2025-07-22,1098.0,1906.800048828125,1001.058837890625,2460.359130859375,1462.316650390625,1547.2139892578125,407.4606018066406,432.0400085449219,3464.60009765625,1407.179931640625,815.0,3091.65673828125,25060.900390625
2025-07-23,1104.800048828125,1943.800048828125,1009.6375122070312,2431.28759765625,1477.2017822265625,1550.7596435546875,406.4321594238281,434.0799865722656,3484.89990234375,1418.932861328125,820.6500244140625,3110.7373046875,25219.900390625
2025-07-24,1095.0999755859375,1936.0999755859375,1004.5999755859375,2418.785888671875,1472.0416259765625,1529.0914306640625,401.5347900390625,428.4200134277344,3477.5,1397.3192138671875,815.7000122070312,3080.30615234375,25062.099609375
2025-07-25,1086.0999755859375,1937.9000244140625,1002.2999877929688,2396.560546875,1465.789794921875,1492.84619140625,400.9960632324219,424.9200134277344,3442.89990234375,1386.1636962890625,806.5499877929688,3068.368408203125,24837.0
2025-07-28,1073.5999755859375,1890.300048828125,1004.25,2422.556396484375,1477.00341796875,1493.1417236328125,401.4858093261719,393.32000732421875,3422.199951171875,1382.080078125,797.1500244140625,3013.08349609375,24680.900390625
2025-07-29,1064.199951171875,1918.300048828125,1010.7999877929688,2434.462890625,1474.8201904296875,1490.8763427734375,400.0655822753906,394.5400085449219,3495.60009765625,1411.4627685546875,799.2000122070312,2990.284423828125,24821.099609375
2025-07-30,1073.300048828125,1932.5999755859375,1012.9000244140625,2418.388916015625,1471.04931640625,1496.0965576171875,399.2330322265625,391.94000244140625,3665.10009765625,1404.4906005859375,801.6500244140625,2987.93603515625,24855.05078125
2025-07-31,1068.4000244140625,1914.300048828125,1009.0999755859375,2501.535400390625,1470.0570068359375,1486.247314453125,403.4937438964844,395.7200012207031,3636.5,1384.669677734375,796.5499877929688,2971.497314453125,24768.349609375
2025-08-01,1062.4000244140625,1884.4000244140625,1006.0999755859375,2533.781982421875,1460.3319091796875,1447.4412841796875,407.9013671875,398.4800109863281,3587.300048828125,1388.15576171875,794.0,2938.424072265625,24565.349609375
2025-08-04,1068.5999755859375,1914.5999755859375,996.0,2523.85986328125,1451.9962158203125,1458.177001953125,408.29315185546875,399.3999938964844,3631.10009765625,1405.885009765625,795.7000122070312,3008.28857421875,24722.75
2025-08-05,1070.800048828125,1931.800048828125,988.7999877929688,2514.93017578125,1433.3402099609375,1438.2816162109375,405.6485595703125,400.6000061035156,3652.60009765625,1386.1636962890625,800.5999755859375,2998.014404296875,24649.55078125
2025-08-06,1071.0,1929.699951171875,992.6500244140625,2515.8232421875,1432.54638671875,1415.037353515625,403.5426940917969,400.4800109863281,3628.39990234375,1387.259521484375,805.1500244140625,2967.093994140625,24574.19921875
2025-08-07,1076.199951171875,1922.5999755859375,997.7000122070312,2497.8642578125,1429.271728515625,1415.234375,405.10986328125,398.4200134277344,3641.60009765625,1383.8729248046875,805.1500244140625,2981.47802734375,24596.150390625
2025-08-08,1058.0999755859375,1858.5999755859375,986.9500122070312,2479.11181640625,1424.9053955078125,1401.6424560546875,405.99139404296875,390.5400085449219,3607.60009765625,1362.35888671875,804.2999877929688,2971.105712890625,24363.30078125
2025-08-11,1073.300048828125,1857.4000244140625,997.7999877929688,2498.757080078125,1425.5999755859375,1406.66552734375,408.29315185546875,395.17999267578125,3668.39990234375,1380.6856689453125,823.4500122070312,2975.4111328125,24585.05078125
2025-08-12,1070.0,1850.300048828125,984.9500122070312,2464.42724609375,1422.0,1402.62744140625,407.80340576171875,391.79998779296875,3686.10009765625,1374.9088134765625,820.5999755859375,2970.127197265625,24487.400390625
2025-08-13,1066.0,1867.4000244140625,990.1500244140625,2475.63916015625,1420.800048828125,1405.0897216796875,405.599609375,397.5400085449219,3693.699951171875,1377.0999755859375,821.8499755859375,2970.91015625,24619.349609375
2025-08-14,1068.199951171875,1873.800048828125,995.5499877929688,2461.252197265625,1427.300048828125,1425.8714599609375,403.0039978027344,395.6400146484375,3677.0,1373.800048828125,826.5499877929688,2957.30908203125,24631.30078125
2025-08-18,1082.5999755859375,1892.300048828125,1001.7999877929688,2548.06982421875,1434.5999755859375,1414.1510009765625,397.9596862792969,400.2799987792969,3635.10009765625,1381.699951171875,827.6500244140625,2946.44775390625,24876.94921875
2025-08-19,1083.199951171875,1909.699951171875,995.5499877929688,2584.4833984375,1436.300048828125,1418.2877197265625,400.7022399902344,405.9800109863281,3613.0,1420.0999755859375,830.4000244140625,2951.340087890625,24980.650390625
2025-08-20,1080.199951171875,1928.4000244140625,994.0999755859375,2648.9765625,1430.5999755859375,1473.6402587890625,397.7148132324219,403.5,3592.300048828125,1413.0,828.9500122070312,3031.96826171875,25050.55078125
2025-08-21,1078.9000244140625,1929.9000244140625,995.5999755859375,2627.346435546875,1446.0,1473.8372802734375,397.22509765625,403.55999755859375,3612.60009765625,1424.800048828125,825.7000122070312,3035.882568359375,25083.75
2025-08-22,1070.9000244140625,1933.300048828125,982.2999877929688,2609.387451171875,1436.4000244140625,1465.0714111328125,390.1239013671875,397.32000732421875,3595.800048828125,1409.199951171875,816.25,2988.327392578125,24870.099609375
2025-08-25,1070.0,1930.699951171875,982.0499877929688,2611.074462890625,1433.199951171875,1508.9989013671875,391.1523742675781,396.6600036621094,3603.10009765625,1412.5999755859375,816.4500122070312,3073.0654296875,24967.75
2025-08-26,1050.0999755859375,1904.699951171875,973.4000244140625,2671.5986328125,1416.5999755859375,1506.53662109375,395.0702819824219,393.1400146484375,3541.300048828125,1384.9000244140625,807.8499755859375,3089.30810546875,24712.05078125
2025-08-28,1051.9000244140625,1881.0999755859375,957.7999877929688,2633.696533203125,1399.0999755859375,1477.4814453125,392.6705627441406,388.94000244140625,3560.10009765625,1385.9000244140625,801.9500122070312,3027.173828125,24500.900390625
2025-08-29,1045.199951171875,1888.800048828125,951.5999755859375,2639.054443359375,1397.800048828125,1447.4412841796875,401.3388977050781,392.05999755859375,3601.0,1357.199951171875,802.5,3018.3671875,24426.849609375
2025-09-01,1061.5,1900.5999755859375,950.5999755859375,2628.834716796875,1411.0,1476.7921142578125,397.5189514160156,393.7200012207031,3598.39990234375,1353.9000244140625,806.0499877929688,3045.667236328125,24625.05078125
2025-09-02,1056.199951171875,1887.199951171875,944.5,2656.120361328125,1394.199951171875,1476.1025390625,398.4004821777344,388.5,3574.89990234375,1366.5,803.9000244140625,3044.591064453125,24579.599609375
2025-09-03,1054.699951171875,1883.9000244140625,954.4500122070312,2643.916015625,1397.0,1456.798095703125,403.2978210449219,392.0400085449219,3600.800048828125,1372.5999755859375,812.1500244140625,3030.89208984375,24715.05078125
2025-09-04,1050.4000244140625,1880.4000244140625,961.25,2645.801513671875,1405.5,1440.94091796875,407.3626403808594,389.94000244140625,3592.60009765625,1359.300048828125,809.4000244140625,3029.130615234375,24734.30078125
2025-09-05,1055.9000244140625,1895.300048828125,963.4000244140625,2612.860107421875,1402.800048828125,1422.8182373046875,398.9881591796875,389.1000061035156,3553.60009765625,1375.0,806.5999755859375,2982.75,24741.0
2025-09-08,1055.5,1887.699951171875,966.0,2603.434326171875,1402.699951171875,1411.2947998046875,399.1840515136719,390.0199890136719,3529.60009765625,1378.5,808.7999877929688,2954.079833984375,24773.150390625
2025-09-09,1052.199951171875,1893.699951171875,965.1500244140625,2621.393310546875,1403.699951171875,1481.6181640625,401.6327209472656,392.0799865722656,3525.0,1376.199951171875,808.8499755859375,2983.826171875,24868.599609375
2025-09-10,1070.0999755859375,1891.4000244140625,965.9000244140625,2622.881591796875,1403.9000244140625,1509.491455078125,404.5711364746094,394.6600036621094,3550.0,1377.0,818.2000122070312,3043.123291015625,24973.099609375
2025-09-11,1087.4000244140625,1913.0,967.7999877929688,2601.54931640625,1401.5999755859375,1486.9366455078125,406.53009033203125,394.4599914550781,3539.699951171875,1383.300048828125,823.6500244140625,3057.017822265625,25005.5
2025-09-12,1105.300048828125,1902.5999755859375,967.2999877929688,2560.372802734375,1417.699951171875,1502.596923828125,405.25677490234375,394.4599914550781,3579.800048828125,1395.0,823.5499877929688,3066.019775390625,25114.0
2025-09-15,1104.4000244140625,1904.5,967.0499877929688,2560.868896484375,1419.4000244140625,1485.6563720703125,404.1793518066406,394.1600036621094,3586.199951171875,1399.300048828125,824.75,3044.982421875,25069.19921875
2025-09-16,1121.199951171875,1939.5,966.8499755859375,2560.769775390625,1421.5999755859375,1488.5126953125,404.6201171875,404.3399963378906,3667.800048828125,1405.300048828125,831.5499877929688,3078.055419921875,25239.099609375
2025-09-17,1126.0,1941.300048828125,966.5,2549.656982421875,1419.199951171875,1499.4453125,400.8981018066406,410.05999755859375,3685.5,1413.800048828125,857.1500244140625,3104.57275390625,25330.25
2025-09-18,1133.0,1941.0999755859375,976.9000244140625,2566.623779296875,1421.699951171875,1517.370849609375,403.1019287109375,410.9200134277344,3686.0,1415.0,854.3499755859375,3108.388916015625,25423.599609375
2025-09-19,1135.9000244140625,1962.4000244140625,966.9000244140625,2539.635986328125,1402.199951171875,1516.976806640625,402.22039794921875,406.20001220703125,3675.39990234375,1407.4000244140625,862.3499755859375,3101.050048828125,25327.05078125
2025-09-22,1144.4000244140625,1956.199951171875,964.2000122070312,2552.1376953125,1401.5,1476.8905029296875,398.59637451171875,404.3399963378906,3644.5,1390.5999755859375,855.25,3007.70166015625,25202.349609375
2025-09-23,1170.800048828125,1938.699951171875,957.2000122070312,2502.527587890625,1394.300048828125,1474.920654296875,394.9233703613281,409.5400085449219,3657.60009765625,1389.800048828125,870.5999755859375,2996.546875,25169.5
2025-09-24,1158.9000244140625,1931.0999755859375,951.0499877929688,2529.61474609375,1382.699951171875,1472.0643310546875,392.76849365234375,406.260009765625,3673.800048828125,1383.0,866.2000122070312,2970.127197265625,25056.900390625
2025-09-25,1166.5999755859375,1935.5999755859375,949.8499755859375,2518.502197265625,1375.800048828125,1462.4122314453125,391.8869934082031,402.70001220703125,3644.39990234375,1372.4000244140625,861.1500244140625,2893.804443359375,24890.849609375
2025-09-26,1154.0,1916.5999755859375,945.0499877929688,2492.208740234375,1359.5999755859375,1427.053466796875,396.7843322753906,398.9599914550781,3729.5,1377.5999755859375,856.9500122070312,2836.758544921875,24654.69921875
2025-09-29,1132.199951171875,1902.199951171875,950.2999877929688,2478.4169921875,1348.0999755859375,1420.060546875,398.89019775390625,398.32000732421875,3688.39990234375,1372.800048828125,870.75,2833.82275390625,24634.900390625
2025-09-30,1131.5999755859375,1878.4000244140625,951.0,2494.788330078125,1348.0,1420.060546875,393.30718994140625,398.5400085449219,3659.0,1364.0,872.4500122070312,2826.288330078125,24611.099609375
2025-10-01,1159.5,1867.5999755859375,965.25,2516.41845703125,1372.0,1424.000244140625,397.2740783691406,412.6600036621094,3670.300048828125,1368.699951171875,864.0999755859375,2851.53369140625,24836.30078125
2025-10-03,1181.0,1896.699951171875,965.1500244140625,2525.050537109375,1365.199951171875,1424.7880859375,396.0007629394531,420.1000061035156,3733.10009765625,1363.4000244140625,867.2999877929688,2839.498046875,24894.25
2025-10-06,1212.800048828125,1903.0999755859375,973.4500122070312,2521.974853515625,1363.4000244140625,1453.744873046875,392.52362060546875,429.20001220703125,3737.0,1375.0,874.0499877929688,2924.137939453125,25077.650390625
2025-10-07,1186.800048828125,1929.0,982.5,2497.566650390625,1375.9000244140625,1436.5086669921875,391.5931396484375,425.3800048828125,3729.699951171875,1384.800048828125,864.7000122070312,2909.75390625,25108.30078125
2025-10-08,1180.5999755859375,1943.5,978.7000122070312,2480.60009765625,1370.300048828125,1472.4583740234375,391.5441589355469,423.55999755859375,3729.800048828125,1367.4000244140625,858.25,2962.103759765625,25046.150390625
2025-10-09,1167.4000244140625,1942.0,977.0999755859375,2497.963623046875,1376.199951171875,1486.5428466796875,391.6910705566406,428.9200134277344,3769.199951171875,1377.800048828125,862.0999755859375,2995.86181640625,25181.80078125
2025-10-10,1180.4000244140625,1939.9000244140625,980.9000244140625,2509.17529296875,1380.300048828125,1492.058349609375,394.53155517578125,430.0199890136719,3784.0,1381.699951171875,880.6500244140625,2963.179931640625,25285.349609375
2025-10-13,1189.5999755859375,1954.9000244140625,977.0,2473.35693359375,1379.4000244140625,1470.6854248046875,391.0544128417969,430.4200134277344,3769.5,1375.0,882.9500122070312,2942.53369140625,25227.349609375
2025-10-14,1176.800048828125,1946.5999755859375,977.1500244140625,2482.782958984375,1384.0999755859375,1467.435302734375,388.6546936035156,430.3599853515625,3744.300048828125,1375.9000244140625,876.9500122070312,2896.642333984375,25145.5
2025-10-15,1169.5999755859375,1968.5,978.25,2499.3525390625,1398.4000244140625,1452.1690673828125,391.6910705566406,429.9200134277344,3828.699951171875,1374.300048828125,886.0999755859375,2916.7763671875,25323.55078125
2025-10-16,1196.300048828125,1967.4000244140625,994.3499755859375,2541.52099609375,1417.300048828125,1449.312744140625,396.83331298828125,441.0799865722656,3861.800048828125,1398.300048828125,886.9500122070312,2917.66015625,25585.30078125
2025-10-17,1200.199951171875,2012.0,1002.5499877929688,2583.391845703125,1436.5999755859375,1419.37109375,403.6896057128906,441.1600036621094,3839.39990234375,1416.800048828125,889.1500244140625,2909.311767578125,25709.849609375
2025-10-20,1226.0,2051.5,1002.9500122070312,2574.164306640625,1390.300048828125,1438.87255859375,404.5711364746094,442.760009765625,3872.699951171875,1466.800048828125,907.5,2961.365478515625,25843.150390625
2025-10-21,1237.300048828125,2043.5,1007.7000122070312,2571.485595703125,1382.0,1450.19921875,404.3752746582031,439.3999938964844,3888.199951171875,1465.199951171875,907.8499755859375,2953.017333984375,25868.599609375
2025-10-23,1258.800048828125,2007.9000244140625,1008.7999877929688,2581.308349609375,1363.699951171875,1505.4532470703125,407.41162109375,445.1199951171875,3918.699951171875,1448.4000244140625,911.5499877929688,3018.330078125,25891.400390625
2025-10-24,1241.9000244140625,2029.300048828125,994.75,2496.772705078125,1377.699951171875,1502.4000244140625,408.2441711425781,437.3999938964844,3904.89990234375,1451.5999755859375,904.5,3008.508544921875,25795.150390625
2025-10-27,1254.0999755859375,2080.10009765625,1002.9500122070312,2492.208740234375,1377.5999755859375,1504.5,412.01513671875,429.7200012207031,3923.800048828125,1484.0999755859375,922.75,3029.821044921875,25966.05078125
2025-10-28,1246.300048828125,2090.199951171875,1003.5499877929688,2477.62353515625,1363.0999755859375,1500.199951171875,409.32159423828125,432.1600036621094,3972.800048828125,1486.9000244140625,930.25,3003.30322265625,25936.19921875
2025-10-29,1248.800048828125,2100.60009765625,1007.8499755859375,2468.693603515625,1370.4000244140625,1510.4000244140625,412.9456481933594,430.1000061035156,3958.10009765625,1504.199951171875,939.75,3003.0087890625,26053.900390625
2025-10-30,1238.5999755859375,2066.300048828125,998.1500244140625,2450.337890625,1362.4000244140625,1493.800048828125,410.1541442871094,427.44000244140625,3987.5,1488.5,934.3499755859375,2981.106689453125,25877.849609375
2025-10-31,1232.800048828125,2054.5,987.2999877929688,2446.269775390625,1345.300048828125,1482.300048828125,411.7213134765625,420.44000244140625,4030.89990234375,1486.4000244140625,937.0,3003.4013671875,25722.099609375
2025-11-03,1233.699951171875,2074.0,992.6500244140625,2440.812744140625,1346.4000244140625,1485.5,405.45269775390625,422.70001220703125,3980.5,1484.699951171875,949.7000122070312,2962.93701171875,25763.349609375
2025-11-04,1226.5999755859375,2113.300048828125,985.25,2426.624267578125,1336.9000244140625,1467.9000244140625,400.5063171386719,419.32000732421875,3924.39990234375,1473.0999755859375,957.5999755859375,2936.81201171875,25597.650390625
2025-11-06,1228.5,2094.89990234375,984.6500244140625,2417.0,1320.4000244140625,1466.699951171875,399.13507080078125,416.6400146484375,3881.60009765625,1496.0999755859375,960.75,2957.142333984375,25509.69921875
2025-11-07,1222.800048828125,2001.199951171875,982.2999877929688,2414.0,1343.0,1476.800048828125,395.7558898925781,417.6600036621094,3882.5,1478.0,955.8499755859375,2938.383544921875,25492.30078125
2025-11-10,1217.0,2019.800048828125,984.5,2408.800048828125,1348.0,1513.5,397.22509765625,418.5400085449219,3918.5,1489.300048828125,951.1500244140625,2971.18701171875,25574.349609375
2025-11-11,1222.5,2042.300048828125,991.7000122070312,2427.5,1358.300048828125,1530.300048828125,398.4984130859375,417.3800048828125,3955.0,1493.4000244140625,953.2999877929688,2992.597900390625,25694.94921875
2025-11-12,1221.5999755859375,2073.800048828125,989.5,2424.5,1358.9000244140625,1551.699951171875,398.64532470703125,416.8999938964844,3954.60009765625,1511.5,957.1500244140625,3075.8837890625,25875.80078125
2025-11-13,1225.199951171875,2091.800048828125,986.6500244140625,2407.60009765625,1385.9000244140625,1541.800048828125,397.3720397949219,415.0400085449219,4002.5,1510.9000244140625,954.0,3050.249755859375,25879.150390625
2025-11-14,1241.5999755859375,2100.699951171875,989.5999755859375,2427.699951171875,1373.0,1502.800048828125,399.771728515625,415.94000244140625,4004.39990234375,1518.9000244140625,967.8499755859375,3050.54443359375,25910.05078125
2025-11-17,1249.5999755859375,2112.199951171875,996.5499877929688,2425.0,1379.0,1507.5999755859375,398.7432861328125,420.5799865722656,4027.699951171875,1518.300048828125,973.3499755859375,3046.812255859375,26013.44921875
2025-11-18,1265.4000244140625,2149.199951171875,992.4500122070312,2404.0,1373.4000244140625,1486.4000244140625,397.5189514160156,418.6199951171875,3999.60009765625,1519.4000244140625,972.4500122070312,3031.98193359375,25910.05078125
2025-11-19,1270.4000244140625,2159.800048828125,994.5999755859375,2441.60009765625,1383.0999755859375,1541.0999755859375,395.2661437988281,421.17999267578125,4019.60009765625,1518.9000244140625,982.75,3091.499755859375,26052.650390625
2025-11-20,1285.199951171875,2158.300048828125,1008.8499755859375,2428.39990234375,1383.0,1536.5,397.1271667480469,419.739990234375,4037.39990234375,1549.0999755859375,981.5499877929688,3088.65185546875,26192.150390625
2025-11-21,1275.800048828125,2162.699951171875,998.0499877929688,2433.699951171875,1369.5,1545.0,399.4779052734375,417.55999755859375,4024.89990234375,1546.5999755859375,972.5999755859375,3094.34814453125,26068.150390625
2025-11-24,1269.0,2152.10009765625,999.1500244140625,2424.199951171875,1368.4000244140625,1548.0,395.2661437988281,417.4599914550781,4013.300048828125,1535.9000244140625,970.5999755859375,3085.115966796875,25959.5
2025-11-25,1266.300048828125,2161.60009765625,989.7999877929688,2414.10009765625,1357.800048828125,1530.5999755859375,392.5726013183594,413.9800109863281,3996.699951171875,1539.699951171875,983.5999755859375,3063.5087890625,25884.80078125
2025-11-26,1290.199951171875,2126.800048828125,1003.9000244140625,2425.199951171875,1375.0,1557.9000244140625,394.04180908203125,420.760009765625,4062.0,1569.9000244140625,983.9000244140625,3106.428466796875,26205.30078125
2025-11-27,1287.300048828125,2115.60009765625,1009.5,2451.699951171875,1392.199951171875,1566.4000244140625,396.0007629394531,422.0400085449219,4081.300048828125,1563.4000244140625,972.8499755859375,3080.59814453125,26215.55078125
2025-11-28,1279.699951171875,2101.60009765625,1007.5999755859375,2466.60009765625,1388.800048828125,1560.0999755859375,395.9517822265625,424.8800048828125,4069.60009765625,1567.5,979.0,3081.48193359375,26202.94921875
2025-12-01,1275.699951171875,2089.699951171875,1002.0999755859375,2464.5,1390.0999755859375,1564.0,395.9517822265625,429.5199890136719,4073.199951171875,1566.0999755859375,973.0999755859375,3077.455078125,26175.75
2025-12-02,1258.0,2104.0,989.7999877929688,2477.800048828125,1373.0,1561.0,392.71954345703125,428.4800109863281,4030.5,1546.300048828125,967.2999877929688,3079.714111328125,26032.19921875
2025-12-03,1270.699951171875,2086.0,1000.5,2448.0,1391.5,1578.699951171875,392.2787780761719,429.2200012207031,3988.0,1538.800048828125,951.0499877929688,3123.22314453125,25986.0
2025-12-04,1280.0,2103.800048828125,997.2000122070312,2462.199951171875,1386.699951171875,1597.5999755859375,394.7763977050781,427.0799865722656,3983.60009765625,1535.5999755859375,948.0999755859375,3171.544677734375,26033.75
2025-12-05,1282.5,2108.800048828125,1003.2999877929688,2338.60009765625,1392.5,1616.199951171875,396.6374206542969,430.9800109863281,4038.199951171875,1540.5999755859375,971.5,3180.384033203125,26186.44921875
2025-12-08,1273.800048828125,2086.199951171875,1003.0999755859375,2314.0,1389.5999755859375,1610.800048828125,394.04180908203125,426.32000732421875,3996.699951171875,1543.0,956.4000244140625,3178.71435546875,25960.55078125
2025-12-09,1275.9000244140625,2089.699951171875,997.0999755859375,2306.5,1375.199951171875,1599.0,392.8174743652344,425.5400085449219,3997.5,1529.4000244140625,959.3499755859375,3151.01806640625,25839.650390625
2025-12-10,1278.5999755859375,2067.0,989.7999877929688,2301.699951171875,1363.5999755859375,1584.800048828125,394.8743591308594,425.8999938964844,3991.300048828125,1536.9000244140625,959.75,3132.259033203125,25758.0
2025-12-11,1272.699951171875,2053.199951171875,1000.2999877929688,2305.60009765625,1360.0,1598.0,394.6294860839844,436.0400085449219,4003.89990234375,1545.0,963.25,3134.91064453125,25898.55078125
2025-12-12,1286.0999755859375,2083.39990234375,1001.5,2260.60009765625,1366.0,1598.199951171875,391.8869934082031,435.32000732421875,4074.10009765625,1556.5,963.1500244140625,3163.0,26046.94921875
2025-12-15,1284.800048828125,2069.699951171875,996.0999755859375,2293.5,1365.199951171875,1606.800048828125,394.04180908203125,436.260009765625,4092.300048828125,1556.199951171875,967.25,3172.52685546875,26027.30078125
2025-12-16,1219.5999755859375,2102.0,994.2999877929688,2281.10009765625,1366.0,1592.9000244140625,393.4541320800781,436.4800109863281,4063.800048828125,1542.300048828125,961.1500244140625,3147.875244140625,25860.099609375
2025-12-17,1224.699951171875,2108.0,984.0,2275.60009765625,1352.4000244140625,1602.0,391.5931396484375,434.6400146484375,4062.39990234375,1544.4000244140625,975.8499755859375,3160.348388671875,25818.55078125
2025-12-18,1229.800048828125,2092.0,979.7000122070312,2265.5,1356.800048828125,1626.800048828125,392.1808166503906,432.9200134277344,4031.10009765625,1544.4000244140625,977.5499877929688,3222.2236328125,25815.55078125
2025-12-19,1230.5999755859375,2097.699951171875,985.5,2280.0,1354.0999755859375,1638.699951171875,392.8174743652344,431.8999938964844,4073.5,1565.0999755859375,980.2999877929688,3223.402099609375,25966.400390625
2025-12-22,1233.199951171875,2147.60009765625,987.7000122070312,2289.5,1368.5,1689.5999755859375,394.4336242675781,429.94000244140625,4072.39990234375,1575.4000244140625,974.2999877929688,3265.5361328125,26172.400390625
2025-12-23,1225.0,2122.89990234375,996.5999755859375,2302.60009765625,1363.0,1668.300048828125,398.9881591796875,432.5400085449219,4058.800048828125,1570.699951171875,971.9000244140625,3250.902099609375,26177.150390625
2025-12-24,1226.300048828125,2123.699951171875,997.2000122070312,2282.199951171875,1359.800048828125,1663.4000244140625,398.2535705566406,432.739990234375,4053.60009765625,1558.199951171875,968.9500122070312,3259.741455078125,26142.099609375
2025-12-26,1228.199951171875,2105.39990234375,992.0999755859375,2285.39990234375,1350.4000244140625,1656.0999755859375,395.8538513183594,432.8399963378906,4047.300048828125,1559.199951171875,966.2999877929688,3221.437744140625,26042.30078125
2025-12-29,1232.0,2081.60009765625,991.7000122070312,2293.300048828125,1343.300048828125,1644.699951171875,394.3356628417969,431.7200012207031,4038.699951171875,1545.5999755859375,965.0499877929688,3193.446533203125,25942.099609375
2025-12-30,1246.0,2099.800048828125,990.9000244140625,2290.199951171875,1342.5,1621.5999755859375,392.376708984375,430.5400085449219,4052.0,1539.800048828125,973.4500122070312,3188.83056640625,25938.849609375
2025-12-31,1269.4000244140625,2105.60009765625,991.2000122070312,2315.89990234375,1342.9000244140625,1615.4000244140625,394.7274475097656,440.2200012207031,4083.5,1570.4000244140625,982.2000122070312,3148.955322265625,26129.599609375
2026-01-01,1274.4000244140625,2110.39990234375,991.1500244140625,2323.0,1338.0,1629.800048828125,356.381103515625,443.55999755859375,4140.39990234375,1575.5999755859375,984.75,3169.77685546875,26146.55078125
2026-01-02,1266.9000244140625,2106.300048828125,1001.5999755859375,2348.0,1355.4000244140625,1640.4000244140625,342.8643493652344,439.0199890136719,4163.39990234375,1592.300048828125,998.9500122070312,3192.660888671875,26328.55078125
2026-01-05,1285.800048828125,2105.0,977.5,2384.10009765625,1371.5,1606.4000244140625,342.5215759277344,438.17999267578125,4150.39990234375,1578.0999755859375,1005.5499877929688,3158.6787109375,26250.30078125
2026-01-06,1293.800048828125,2105.300048828125,962.2000122070312,2424.699951171875,1411.199951171875,1612.199951171875,335.42041015625,429.2799987792969,4140.60009765625,1507.5999755859375,1018.9000244140625,3197.669921875,26178.69921875
2026-01-07,1295.5,2084.199951171875,949.0499877929688,2399.39990234375,1427.699951171875,1639.0,334.2450256347656,428.79998779296875,4157.0,1504.199951171875,1007.1500244140625,3236.75927734375,26140.75
2026-01-08,1286.800048828125,2066.300048828125,946.7000122070312,2386.699951171875,1435.0,1613.300048828125,333.9021911621094,426.6000061035156,4028.39990234375,1470.5999755859375,998.0,3146.6962890625,25876.849609375
2026-01-09,1272.0,2027.0999755859375,939.0,2372.60009765625,1404.300048828125,1614.0999755859375,330.22918701171875,425.3599853515625,4025.199951171875,1475.300048828125,1000.5,3150.52685546875,25683.30078125
2026-01-12,1274.199951171875,2044.0,936.9500122070312,2406.199951171875,1413.0999755859375,1595.9000244140625,331.4535217285156,426.6600036621094,4019.0,1483.199951171875,1015.1500244140625,3181.75927734375,25790.25
2026-01-13,1262.0,2026.9000244140625,937.3499755859375,2389.5,1437.0,1599.0,327.8294982910156,426.5199890136719,3887.39990234375,1452.800048828125,1028.449951171875,3209.652099609375,25732.30078125
2026-01-14,1298.800048828125,2022.5,925.4500122070312,2353.5,1418.4000244140625,1599.800048828125,327.8784484863281,421.0,3865.800048828125,1458.800048828125,1028.3499755859375,3135.5,25665.599609375
2026-01-15,1298.800048828125,2022.5,925.4500122070312,2353.5,1418.4000244140625,1599.800048828125,327.8784484863281,421.0,3865.800048828125,1458.800048828125,1028.3499755859375,3135.5,
2026-01-16,1294.199951171875,2016.4000244140625,931.0999755859375,2360.39990234375,1410.800048828125,1689.800048828125,322.4423828125,418.20001220703125,3856.39990234375,1457.9000244140625,1042.300048828125,3206.699951171875,25694.349609375
2026-01-19,1307.5,2010.0,927.9000244140625,2413.89990234375,1380.5999755859375,1681.199951171875,326.3602600097656,426.8999938964844,3869.800048828125,1413.5999755859375,1038.4000244140625,3163.60009765625,25585.5
2026-01-20,1293.5,1996.0,931.2000122070312,2379.10009765625,1375.800048828125,1658.9000244140625,319.6018981933594,423.79998779296875,3810.5,1394.0,1036.4000244140625,3102.300048828125,25232.5
2026-01-21,1284.9000244140625,1996.0999755859375,920.3499755859375,2368.0,1349.0,1654.4000244140625,318.0837097167969,421.6000061035156,3766.5,1404.5999755859375,1028.6500244140625,3122.60009765625,25157.5
2026-01-22,1294.800048828125,2002.199951171875,918.7000122070312,2390.60009765625,1345.5,1663.5,318.1816711425781,426.0,3793.800048828125,1402.5,1048.3499755859375,3150.39990234375,25289.900390625
2026-01-23,1258.0,1984.699951171875,916.0999755859375,2409.5,1343.4000244140625,1670.800048828125,316.76141357421875,422.79998779296875,3743.800048828125,1386.0999755859375,1029.5,3162.5,25048.650390625
2026-01-27,1315.800048828125,1973.4000244140625,926.4000244140625,2400.89990234375,1361.4000244140625,1682.699951171875,312.1089172363281,408.70001220703125,3787.800048828125,1380.5,1053.1500244140625,3158.0,25175.400390625
2026-01-28,1319.800048828125,1957.699951171875,932.7000122070312,2378.39990234375,1367.699951171875,1666.5,314.5576171875,412.3999938964844,3794.0,1396.699951171875,1063.5,3200.10009765625,25342.75
2026-01-29,1363.699951171875,1967.9000244140625,935.5,2352.60009765625,1383.5999755859375,1659.5,312.0599670410156,412.3999938964844,3932.89990234375,1391.0,1066.199951171875,3144.39990234375,25418.900390625
2026-01-30,1370.4000244140625,1968.699951171875,929.25,2373.0,1355.0,1641.0,315.5370788574219,408.0,3932.300048828125,1395.4000244140625,1077.1500244140625,3123.89990234375,25320.650390625
2026-02-02,1311.5,1965.4000244140625,928.0999755859375,2357.300048828125,1352.800048828125,1629.4000244140625,308.2400207519531,408.20001220703125,3921.300048828125,1390.4000244140625,1028.699951171875,3169.60009765625,25088.400390625
2026-02-03,1356.199951171875,1997.300048828125,948.7000122070312,2368.60009765625,1389.699951171875,1656.0,310.1499938964844,415.79998779296875,4038.800048828125,1437.0999755859375,1064.199951171875,3225.300048828125,25727.55078125
2026-02-04,1338.699951171875,2025.800048828125,953.0999755859375,2371.0,1408.4000244140625,1535.800048828125,313.8500061035156,412.3500061035156,4087.10009765625,1456.800048828125,1068.199951171875,2999.10009765625,25776.0
2026-02-05,1319.199951171875,2016.300048828125,950.5999755859375,2382.89990234375,1405.5,1534.4000244140625,310.5,406.6000061035156,4050.800048828125,1445.5999755859375,1076.0,3006.60009765625,25621.44921875
