,Return_3d,Return_7d,Return_15d,Return_30d,Return_3m,Return_6m,Return_1y,Return_3y,Return_5y,Prob_3d,Prob_7d,Prob_15d,Prob_30d,Prob_3m,CVaR_Risk,Sector,ESG_Score
ADANIENT.NS,-0.004083591469160637,-0.013111018768205224,-0.008983272320747249,-0.008959154840177917,0.0008304610256912315,1.0774310473027324,0.1706831726252388,0.12904309154494378,0.5260431846916757,0.39206836,0.31695074,0.3568745,0.3445078,0.27225277,0.07081926550511562,Energy,67.1
ADANIPORTS.NS,0.0025948634686053483,0.003418073039848861,0.006334441540442073,0.014885783177181616,0.059534655011880926,0.6657147806548367,0.26745731815099816,0.3273136444375838,0.31629663899394606,0.51767427,0.4989744,0.49140975,0.49148124,0.4985207,0.055625121056065124,Industrials,87.4
APOLLOHOSP.NS,0.0014640665522498621,0.0002790230554288349,0.006633823872730177,0.012602549433277765,0.00637581159698087,0.3792250092045981,0.17006720895721383,0.21460155458619376,0.3259543784879401,0.5020273,0.45912194,0.51486915,0.5137701,0.31292027,0.040590180904115425,Healthcare,75.0
ASIANPAINT.NS,-0.0011498059698843589,-0.002117633590580594,-0.0017869048606653434,-0.02423236475653893,0.026618171573471572,0.28339810961364287,0.03359763554415096,-0.0612127551700498,0.08724414102949912,0.45855114,0.46744066,0.46994486,0.29200298,0.5453715,0.036614994072088,Basic Materials,74.6
AXISBANK.NS,-0.00015502464857583553,-0.000657564231318037,0.004178566322170507,0.016605182828418934,-0.006419367092853505,0.1342239919836854,0.0846214090912929,0.10324137799549618,0.1324941519413776,0.48755524,0.47900525,0.54012346,0.5864317,0.37302744,0.04894834397360596,Financial Services,75.8
BAJAJ-AUTO.NS,-0.0026045539472518385,0.0033666437433952853,0.003998272553014718,-0.0005394531021781432,0.02624854950772665,0.5556825877576355,0.282696506066058,0.33892016946688786,0.2570207209357563,0.40569997,0.50537676,0.4871751,0.42205083,0.45985568,0.03594033685253917,Consumer Cyclical,83.0
BAJAJFINSV.NS,-0.0008134290080651363,0.00396155446343174,0.028432404107422718,0.050765907682848645,0.11383947021308655,0.19619986596162353,-0.1248699541835797,0.07982935221555953,0.1522962067450069,0.45984328,0.52033097,0.6715543,0.69872946,0.7223757,0.04591713416358453,Financial Services,73.5
BAJFINANCE.NS,0.001103700727787869,0.008191140798811725,0.021049873318622857,0.015980970042780956,0.04587679720659734,0.4950366110006381,0.020424667510279937,0.14449540344104,0.19942205025130283,0.506271,0.5531724,0.6114584,0.51686436,0.5067996,0.05428715843009223,Financial Services,81.5
BHARTIARTL.NS,0.002250907190139779,0.0049692938496216,0.006757513503991473,0.021371312760394688,0.06018463761764346,0.05238576861484745,-0.044570857463238744,0.2691428065960557,0.2507469801053465,0.5066098,0.52894413,0.5310001,0.58549005,0.6051922,0.03638102698384747,Communication Services,80.5
BPCL.NS,0.0011230378809833075,0.0008470275540696862,0.0030470584475985503,0.004893405633979497,-0.023709741715040505,0.2283763538756427,0.022998702122627668,0.2854258846594435,0.1543089197748566,0.4908411,0.47940677,0.463667,0.48226467,0.29371235,0.045546291383473096,Energy,62.2
BRITANNIA.NS,0.0011346766394362846,0.0015572757097236743,0.006023043375626428,0.012600578450578909,0.06273363680641696,-0.13625831174471426,-0.15529209853602932,0.06253228295848812,0.11934752170388303,0.51094526,0.49559772,0.5246079,0.54760176,0.71187234,0.031549681656852485,Consumer Defensive,74.0
CIPLA.NS,0.0023188453976482285,0.007707492575985851,0.015520915698943228,0.025952497476391008,0.07190039467090088,0.31041891213353257,-0.0634891314669157,0.07301318835957638,0.20501071128599804,0.5132096,0.5628241,0.5831955,0.5768812,0.6800901,0.03260027856588022,Healthcare,71.6
COALINDIA.NS,-0.0025354279036235716,0.000955531902659592,0.011459879514366573,0.013567226843288767,-0.05796135509661612,-0.03812301621981429,0.17317007840390464,0.2540442976601416,0.2451876713421776,0.40614122,0.45250836,0.52499884,0.49134174,0.1426983,0.04162123778061398,Energy,54.5
DIVISLAB.NS,0.001129236337339596,0.001509489182356577,0.006448191475344835,0.024105877714815132,-0.037037082463864064,0.9996076027007574,0.5078855639394613,0.3551064416401457,0.2978714291395013,0.5044272,0.5021678,0.4947965,0.5316925,0.18171094,0.03884700494646418,Healthcare,67.2
DRREDDY.NS,0.0019185804571262843,0.0005740685667762358,0.016133705527129834,0.022109734484007812,0.07373862682113888,-0.044425876997010505,-0.04443543783543891,0.051895526304013805,0.1478642715000527,0.51907706,0.4768167,0.59892917,0.59100956,0.7634861,0.032965656402730144,Healthcare,73.4
EICHERMOT.NS,0.0008021691582405076,0.004116406116063714,0.009363070350548782,0.016235354705661273,0.06445835384464098,0.27695282168089097,0.09298686787970001,0.30059403795408457,0.2349348012336313,0.5008966,0.52070665,0.5275266,0.54440063,0.55976963,0.040629497657714245,Consumer Cyclical,86.7
GRASIM.NS,0.0010427685207555666,0.0032011617333160356,0.003969894838862214,0.006096202021094552,0.047714721158941216,0.473777607776257,0.15723445458565843,0.2126955236789247,0.26691362552141545,0.49553764,0.51225394,0.5025198,0.5052854,0.4999395,0.039573176351625716,Basic Materials,56.9
HCLTECH.NS,-0.000912066422343755,0.0008277854273858673,0.009845902131790239,0.018916505065765553,0.059200593532372156,-0.014705840534993797,-0.05097800456153101,0.07386625390011932,0.1950922350891013,0.4871314,0.5071392,0.5613676,0.5680789,0.5658119,0.04002293698926035,Technology,87.1
HDFCBANK.NS,0.0009370681342958029,0.0005442022907329799,0.005887736852082236,0.008319879214015127,0.03454366654188198,0.07005076549571432,-0.21767946854826692,0.004787763397734568,0.06438717614982405,0.5092331,0.50830305,0.5518754,0.5630567,0.5934128,0.0370726723369737,Financial Services,69.4
HDFCLIFE.NS,0.0012429484109994123,0.006474437718761722,0.008957889487460562,0.013318358834217767,0.030027332292184142,-0.1702050964499453,-0.33939843359815913,-0.040799488189292465,0.021005890198556986,0.5092138,0.5750511,0.571066,0.563404,0.5557154,0.040679395161650145,Financial Services,79.2
HEROMOTOCO.NS,0.001430774378238674,-0.0018316291485229487,-0.006847679350286344,-0.006490447604823341,-0.018709331828228135,0.17472457757043203,0.08352336973052377,0.2660268591284904,0.19795363364782778,0.5015731,0.4270351,0.38003546,0.3786933,0.25736323,0.04004990451062528,Consumer Cyclical,87.8
HINDALCO.NS,-0.00027925989401563454,-0.00028122232255565344,-0.0015825270406638406,-0.003199951860435153,0.0489050066088928,0.24582838487143244,0.32243595879259723,0.28914677279379297,0.3093701398731004,0.4820978,0.48959127,0.4781899,0.46734536,0.5178573,0.05487052140855035,Basic Materials,68.4
HINDUNILVR.NS,0.002553512023382316,0.003603617880017425,0.007600911353083991,0.009784461910562692,0.025246031568843943,-0.06523969842840294,-0.23082755547705613,-0.04597596723504298,0.0438682196919339,0.55096143,0.52516174,0.54064673,0.5576015,0.5987657,0.03162478572285578,Consumer Defensive,76.6
ICICIBANK.NS,0.000743150715132028,-0.0033918844919258884,0.008233942266341863,0.0026707318246384434,0.10177593914641898,0.22665630090398858,-0.014393603592376625,0.13213402531630228,0.1845980777759796,0.49364707,0.4095553,0.5417515,0.45017505,0.8044359,0.042260421939115556,Financial Services,76.0
INDUSINDBK.NS,-0.004717706065593566,-0.0032141392710422143,0.005721803474914057,-0.002452805731822688,0.032101690957701476,0.43103642708437295,0.2513002908568923,-0.0876782426100688,0.04078634905740093,0.43074432,0.49147815,0.5401245,0.50788283,0.50556326,0.0672588948206338,Financial Services,69.9
INFY.NS,0.0018397560554417203,0.005732360912526258,0.009457983493008904,0.01322375898455283,0.06781110507534904,-0.34805407998409654,-0.32039460430884104,-0.062177265072194635,0.11142180097053479,0.54831475,0.5889693,0.5920041,0.57572997,0.61485904,0.040166131641875345,Technology,86.9
ITC.NS,0.003184582828689906,0.006543789889356966,0.013879470396485379,0.023550921565677597,0.06868564562743067,-0.06376298576254391,-0.3301971755244567,-0.10020683153863856,0.09988962811806336,0.54454076,0.57509094,0.6175919,0.62889856,0.6481394,0.03394467963739635,Consumer Defensive,72.0
JSWSTEEL.NS,0.0015183673555722085,0.0016586546857220996,0.004376312677331642,0.012915557457553836,0.11226497898574253,0.28900868131431934,0.13940662570088214,0.18361147812247833,0.3014603476715543,0.5024715,0.49597666,0.50266266,0.50177693,0.64236754,0.048506529421985224,Basic Materials,63.3
KOTAKBANK.NS,-0.0016127112193964743,-0.000880555162832794,-0.0001645726297809895,0.009382764163146477,0.006263223654804653,0.2940627110491121,0.018165939034884837,0.06668093552664556,0.06788661004447376,0.44421822,0.4682336,0.49060175,0.5001111,0.42818236,0.04070223782520988,Financial Services,80.9
LT.NS,0.001503545574589463,0.000994392150753861,0.0004712602817376968,0.00619709329110988,0.0442337224696641,0.24625017265997193,0.0942021242440102,0.1438452279925036,0.21771368777876277,0.51184577,0.49750045,0.47765523,0.49305332,0.55080104,0.03954568816398396,Industrials,65.9
M&M.NS,0.00012496919840190163,0.0074942895963198974,0.011499588103835699,0.018309504587162677,0.10379916782892976,0.10815486872954172,-0.11838488047768181,0.2705006001304466,0.32326558655839754,0.45992607,0.5394727,0.5367247,0.5134479,0.6207142,0.044203571252729126,Consumer Cyclical,72.2
MARUTI.NS,0.0013839684682678648,0.0024470307736750765,0.002723616608644945,0.02205345175129052,-0.024598769753148772,0.009046193713925899,-0.26099645854839937,0.08778500955891275,0.12489289551864058,0.5064054,0.50535685,0.5102691,0.6237339,0.26890495,0.039809192761851714,Consumer Cyclical,74.2
NESTLEIND.NS,-0.002286521798031859,-0.00381277338923142,-0.004013862723486208,0.0024717555313479994,0.016181506883435826,0.33122994862380084,0.17561180219747496,0.10375176264501995,0.1270059492524785,0.39264524,0.37400255,0.3943951,0.44079903,0.51950175,0.028708338096663098,Consumer Defensive,71.7
NTPC.NS,0.002647127510313164,0.00781356358848387,0.014164769174514778,0.022366159551127623,0.12536167719155558,-0.21589542213814372,-0.017850413368780238,0.16906963038631423,0.22600149076465903,0.52583057,0.57052207,0.5492762,0.5670686,0.8568284,0.03601670013311396,Utilities,60.6
ONGC.NS,-0.0031506768051936303,-0.004437097930632138,-0.0006522819789004097,0.008172606514764272,0.0013863954017457186,-0.3438157870398304,0.06792199886604511,0.17995458930323882,0.2168536934634075,0.41161987,0.42743206,0.42829686,0.47258633,0.39451215,0.04978469607867232,Energy,47.8
POWERGRID.NS,0.0030985853017132248,0.005442784705288849,0.01118667603313353,0.022138000830719953,0.12827643020620236,-0.16105748496360528,-0.0315114681292481,0.17934726908778875,0.22718436275281542,0.52833354,0.5401321,0.56874937,0.58002377,0.87249947,0.036286894861743205,Utilities,77.9
RELIANCE.NS,-0.0006426126500653443,0.004208310148686282,0.005070448113809207,0.010192560080810941,0.08232646400205326,-0.15233268456622917,-0.09486431111917537,0.028537966779452344,0.1287296368482783,0.45809403,0.54018545,0.49457562,0.47256932,0.68927014,0.03731228975168791,Energy,59.0
SBILIFE.NS,0.00013322332340171862,0.00013506959690194435,-0.005040656247609118,-0.006300190409305847,0.013475225667488308,-0.015112749548037652,-0.019357351273751933,0.11188362258468436,0.12392888564298105,0.5008288,0.48649704,0.43489835,0.41955844,0.46337795,0.036766029344458884,Financial Services,75.2
SBIN.NS,-0.00010718857866875466,0.0011751136970150518,0.003713890665288957,-0.003240236375535367,0.055425880694056455,0.06906775460735837,0.17151646577241653,0.2243023427799206,0.22411054290430854,0.4810354,0.4905855,0.5026887,0.42655867,0.5330473,0.045465851006260695,Financial Services,73.0
SHRIRAMFIN.NS,-0.00021725088018804614,0.0032745105005142217,0.00867302299993572,0.016089754664082155,0.07312768369034985,0.3320534640087496,0.5385352384355543,0.3988331762910324,0.34395986825963054,0.48408073,0.5040666,0.5107036,0.49607134,0.5277763,0.06378641674654571,Financial Services,79.9
SUNPHARMA.NS,0.00024067799965862662,0.0007217767705219227,0.0036674000806808625,0.02010641928837797,0.040405498022384224,0.13105890533425546,0.15720479465207327,0.1919130280757453,0.25866579912328486,0.4722021,0.45929268,0.4451514,0.5214898,0.4632428,0.03144619468436186,Healthcare,68.4
TATACONSUM.NS,0.0006101768551061513,0.0017602571039464256,0.00876724683588185,0.03554969093987362,0.09107679598194957,-0.019252952757742747,-0.1145327433176706,0.07880091505952702,0.2136004066229276,0.47593027,0.48196873,0.51870775,0.64369893,0.7025679,0.037732643641800546,Consumer Defensive,73.5
TATASTEEL.NS,0.002643172131758683,0.002256710763541201,0.007473091252112849,0.005425486207249745,0.07918353996233768,0.020101226910266945,0.13884726621273036,0.1819300523293045,0.3016050665032702,0.52030504,0.49356332,0.5049311,0.45920298,0.5131898,0.052785387635081574,Basic Materials,69.3
TCS.NS,0.002015737570359768,0.0026846791720957462,0.006269505023561758,0.01194241604786626,0.03445499622864623,-0.1584241532904589,-0.2959218987817065,-0.1104003007431023,0.049934749117061764,0.53044426,0.54604924,0.56084484,0.5746503,0.6110959,0.03614335202005181,Technology,88.6
TECHM.NS,0.0014092877479749046,0.0008976206895768002,-0.019248798564778118,0.0004006053969507553,0.0008935763886516179,0.31755736482402375,0.13735908410554354,0.13092337592834163,0.19152531988775717,0.50959647,0.50965184,0.308979,0.49390936,0.4144994,0.043692290041328366,Technology,88.4
TITAN.NS,0.00029034901317869996,-0.000898173999735661,-0.002297617659795286,0.0072020662219149795,0.04101981469494728,0.46113972604298836,0.38719240940515565,0.17211582987531954,0.2583471163650267,0.4808926,0.46154153,0.44137588,0.4744619,0.48921108,0.037947284938547154,Consumer Cyclical,84.0
ULTRACEMCO.NS,0.0059462875898843035,0.0013276617434857876,0.01178145310884273,0.01183426493060872,-0.010243171691702982,0.1374662325393874,-0.04438971958327265,0.12725860308005302,0.19485396451398468,0.6085613,0.5056839,0.5798073,0.5480923,0.3104936,0.03611614114814451,Basic Materials,67.1
WIPRO.NS,0.00043601978598758334,0.003865386709228126,0.03109731017214111,0.0151888558386344,0.08210700098661528,-0.21465801057880385,-0.3310133439552355,-0.031394736716775326,0.09723227882019475,0.49523404,0.5499238,0.7576112,0.57567954,0.61914074,0.039392263340190505,Technology,86.8
