CVaR_Risk,Return,ESG_Score,Prob_Score,Prob_Sharpe
0.014483554669598378,0.0009074571112170236,27.151439253587732,0.18318961488316785,0.0626499835111731
0.031040892896215824,0.0003009681074265728,63.20500154929432,0.38485962134753804,0.009695546223061107
0.042311664501995264,0.005571241953745642,75.14066322249471,0.5304074762592668,0.13166842644671853
0.03980520733218615,0.0033515687400061927,78.28598462737861,0.5212164884324155,0.08419713820101145
0.04255482765520925,0.00441679974172616,76.350912054746,0.523810179358202,0.10378836425204624
0.015423921830129469,0.0009056030280413954,29.31586483742901,0.19605186019742502,0.05871038038406671
0.015767115063799467,0.0009579275916528592,29.94218186752466,0.19972645266265293,0.06075092601601285
0.01648095027522266,0.001121074936389474,31.539860431166428,0.21010433122769068,0.06801834234840447
0.018324515410226155,0.001188777994900821,35.56230987294846,0.23637335034721368,0.06487009878245767
0.01722881853258751,0.0010972776138764289,32.63403368257191,0.2190442421957738,0.06368480386494493
0.03995028563557753,0.005290374719680284,67.67739864517026,0.482578984115229,0.13242063767202236
0.017032699170976377,0.000977976048527206,31.661783583136632,0.21284309735391782,0.05741419046507372
0.01805178700349959,0.0014865046809383977,33.781917947180034,0.2309366151878099,0.0823421159652653
0.04074229906000127,0.004942625421986366,76.22770554992752,0.5241127373386563,0.12131136986986571
0.022652918058479844,0.002177831670890235,45.15758685526673,0.3136417703736226,0.09613487897626725
0.019021983276106103,0.0012789910802238583,36.132418584487446,0.24394845759546113,0.06723399067644349
0.039027566930175006,0.004587073642869643,71.90765436389977,0.4893401697724088,0.11753118301976746
0.028643675774196346,0.0037349957813374943,57.529821066015,0.41280552733061626,0.13039057627253883
0.03926125893484575,0.003663852522358296,78.09592844445919,0.5228074048463822,0.09331741529284705
0.03399574531209476,0.004977605449951867,61.053201481450344,0.4454087645779662,0.14641417595292636
0.04035516490348989,0.005460218400410334,73.46102332297005,0.5339184640134387,0.13530072576193058
0.03668064168157699,0.00434084073931033,66.84467213908663,0.46712587775486103,0.11833823515839197
0.02361562594536298,0.002243734214896525,46.99330740044181,0.32121896567200253,0.09500655259084849
0.017807955727274546,0.001211536882281637,33.181467892670184,0.22288954421776708,0.06802964198659663
0.038763700521333364,0.0035971763037102415,76.79382876559882,0.5162287668046156,0.09279515268615603
0.04007574967411503,0.004687755338788955,74.54351058574588,0.5082240275222233,0.11696944929185976
0.029759879963537985,0.0027570895975555956,58.38991048566494,0.40120055991677445,0.09264140042006445
0.03334486563508164,0.0014546725040153218,67.81086260257094,0.420959979147869,0.043623773931510366
0.029030506373822228,0.003829788757568317,56.79130504394497,0.4098227238787397,0.13191836166729692
0.027773480763248794,0.002716989847975356,55.571417945120324,0.3825573534682606,0.0978232454149234
0.03253272905224075,0.004211891984502801,54.579446012583574,0.3869564737328999,0.12946231825253085
0.036834866787342095,0.005131550940163153,62.421987638024916,0.44552860143371237,0.13930854321382516
0.022787155510857113,0.0022992477716453443,41.562316949642096,0.29804696484577686,0.1008966158121002
0.03810483495144742,0.0047448605720750514,70.4465414759327,0.4840705566507463,0.1245179531722824
0.03574851530877508,0.004142359288930365,64.32735513179492,0.4568320673659719,0.11587176086590412
0.0330719448226417,0.003869242409755407,60.553165013522325,0.4248658507272258,0.11699116696456156
0.030531847122651064,0.0030048435342827475,61.53747408440023,0.423716976798417,0.09841347327395412
0.02223130568237627,0.0021352399156704103,42.63264447833447,0.2943828846565382,0.09604221650132456
0.025546430851202798,0.002502017918170662,50.86427524907751,0.3512614632487483,0.09793618515862876
0.022061341473179175,0.0016387605985540392,43.583972205064775,0.29191383277175664,0.07427863450242819
0.036026361284875845,0.0034722253383081773,72.41664575319083,0.4925620077277486,0.09637745353739811
0.02428008332866409,0.0025517772596419944,47.76353576749821,0.3325773013733758,0.10509322113439612
0.04051184249918715,0.004846724177559561,76.14671063020964,0.5221309015780506,0.11963426603938752
0.02709847213552514,0.002101720296533693,54.08936559761851,0.3613542787539732,0.07755576514638134
0.02341742775848494,0.0022578135745241583,44.69394127814391,0.3127951277782093,0.09641183421060834
0.025242072254669068,0.0025888909180528307,50.5231196858687,0.3467499324153088,0.10255847196150929
0.0194848128817073,0.0012353572948953144,37.673777187197636,0.250126533887519,0.06339778085701679
0.03065881164737678,0.003107380314766322,61.853301155271204,0.4257434743758764,0.10135027411468739
0.027417966302614505,0.0024391023903362293,54.923739308396975,0.3723158263276069,0.0889567594714047
0.021413640777531405,0.00178182644983818,40.760917303070336,0.2786048474847769,0.08320599296289395
0.020383543449063492,0.0017412170541673835,38.558867678388125,0.26245664292225757,0.08541849654461496
0.031304758461218905,0.003958327171491775,55.811980673937356,0.3969216510499185,0.12644086475002003
0.020660940008673107,0.0018937340696830011,39.06980922383711,0.26934862149823846,0.09165325564240737
0.03652238713697655,0.0016692316819400897,73.97037104672813,0.46162807279643725,0.045703090890224334
0.02823259988247011,0.0036648347736038247,56.76652830343533,0.40801409469415056,0.1298040203466677
0.03519301696273356,0.003412202352590408,70.92151432983937,0.4788461285938848,0.09695404637110734
0.03599417072472913,0.004142852540257288,68.61606169124858,0.4737491575731341,0.11509467678149106
0.026054692388905062,0.001581334890949751,52.500574608165294,0.3392583211957252,0.06069057261449361
0.026121377931633986,0.0020248291838305607,52.23521381150555,0.351776751167754,0.07751320301428259
0.034835826988521154,0.004277969607757151,63.12673222774794,0.443493389142093,0.12280020821548289
0.029369972905731574,0.002623586524867022,59.39683082453849,0.39806571522312295,0.08932582973290082
0.036811854787842734,0.004489484169064549,73.354499352646,0.5139914255187118,0.12195425198447742
0.02263133002810924,0.002263591863127496,43.90264352205055,0.3064342326913987,0.1000158560924185
0.0222071342764055,0.001846018028899275,44.42754826410794,0.29900566128008205,0.08312350807697216
0.03629248904781285,0.002255894148443566,73.23721784846413,0.4720417810823006,0.06215699310340935
0.03712464086006847,0.0051618247373440285,63.98016501522652,0.4594842366152578,0.13903665008234173
0.03268325209881513,0.004015739398825566,59.47919907658431,0.4185581570158069,0.12286465624743925
0.02123495055216079,0.0019901860361848864,40.241833928476886,0.27944771273910096,0.09371777502007707
0.02098054180124439,0.0015190328264182043,41.60443662776035,0.2805763655251282,0.07239853204344174
0.03321219532426358,0.003287981063790846,65.57631565117258,0.4489100656072479,0.09899622820659001
0.032160955821328614,0.002057556706581263,65.29657370652053,0.41471140107031734,0.06397486266108132
0.025948431866577196,0.003386967555710921,49.51117448419102,0.3574279025556249,0.13052183851752558
0.03732576310245113,0.004595804686723182,68.7614069555342,0.4724249979227766,0.12312357956432043
0.04070468191566579,0.005497523425170176,71.08464177671173,0.5013625028608636,0.1350554312432345
0.024530032424562014,0.002638593394275783,48.67724095539535,0.33888343372499213,0.10756144904989229
0.03240494180163251,0.0031811787401157463,66.40431191180306,0.4501237694806171,0.09816652636077648
0.031132983352993564,0.004028526491083826,51.2664818562342,0.36603580651347495,0.12939322429156752
0.03393315193897091,0.0028325396307868162,67.7417331397281,0.45380675164465734,0.08347164932487527
0.03200341219474427,0.0030211153130519364,63.4299724828639,0.4283000501881038,0.09439683799435818
0.037539949095616115,0.0035141765061724194,73.8308074529304,0.4955926789523065,0.09360915455871602
0.03481198409916512,0.004929312374096042,62.51119931363857,0.4525645924326557,0.14159407765949764
0.028146290201535827,0.0012239515805680446,57.46757113958944,0.35929383804999226,0.043483815735173716
0.026464965355224444,0.0019469852595333623,52.86193021570779,0.3503257815513816,0.07356562412899187
0.020229604946188327,0.0014946962112397581,40.39873165276236,0.27240810180632113,0.07388292219711283
0.023921368269017307,0.001743663249000865,48.26688170823748,0.3182232883076156,0.07288840424963877
0.028890725257768382,0.0019159647124843452,58.034629225485034,0.37739534664422436,0.0663153444590223
0.03372146610374367,0.0038968673817602606,62.24107427314995,0.4313803438166276,0.11555701085952468
0.031386324365993604,0.0013807094990437607,63.50471435572675,0.39326834590525295,0.04398939785194566
0.021510398189885087,0.001519556136526068,43.00005774822248,0.2870671243297842,0.07063958014782049
0.0377813338164153,0.0034781877881604802,74.39637324090447,0.5093529459149295,0.09205857438719975
0.019357378915392295,0.0011980373827857106,36.89027802642571,0.246727072185139,0.061887278269624285
0.024965263593390977,0.0022077421667812797,49.84068218866956,0.33844981893726794,0.08842901776322305
0.0384323002237396,0.003594012470980579,75.64537052894585,0.5111478559151763,0.09351298093210893
0.034351908241947435,0.003238001386812103,69.31957879340192,0.4728508205338194,0.09425698004974917
0.021700915344320025,0.0016504420041648245,42.98507679204923,0.2881832811690008,0.07605052263724683
0.026855379924436686,0.002681398752449764,53.64818990886468,0.37007413608368783,0.09984215147365981
0.030120180327903007,0.003920746490915252,59.70496400480482,0.42705619760124547,0.13016576535957444
0.034429915725269725,0.0032422035122015524,69.42061620813433,0.4737150060150718,0.09416547436820034
0.025332009443076488,0.0023899741926023356,51.04398726019728,0.35168795271235775,0.0943422927296747
0.026510099054305264,0.0024615835633477233,53.31507942190221,0.3630540374776272,0.09285105677080464
